course_code,venue,confirmed_total,cancelled_total,jan,feb,mar,apr,may,jun,jul,aug,sep,oct,nov,dec,strong_months,weak_months
ASKMEN,IP,118,3,13/0,11/0,12/1,16/1,16/0,12/1,6/0,5/0,6/0,10/0,6/0,5/0,Jan|Feb|Mar|Apr|May|Jun|Jul|Aug|Sep|Oct|Nov|Dec,
DDM-WWC,IP,69,5,7/0,7/0,6/2,6/1,9/0,4/0,4/1,5/0,5/0,3/0,8/1,5/0,Jan|Feb|Mar|Apr|May|Jun|Jul|Aug|Sep|Oct|Nov|Dec,
ASKCAP,IP,66,1,7/0,7/0,6/0,10/1,10/0,4/0,4/0,5/0,1/0,6/0,3/0,3/0,Jan|Feb|Mar|Apr|May|Jun|Jul|Aug|Oct|Nov|Dec,
DDM-DMC,IP,63,9,8/0,5/2,8/2,8/1,9/1,3/1,5/0,1/2,5/0,3/0,3/0,5/0,Jan|Mar|Apr|May|Jun|Jul|Sep|Oct|Nov|Dec,Aug
ACDM-DME,IP,59,14,5/3,5/3,7/2,7/3,10/1,4/2,4/0,4/0,3/0,3/0,3/0,4/0,Mar|May|Jul|Aug|Sep|Oct|Nov|Dec,
DDM-DCC,IP,58,4,6/0,7/0,6/0,6/1,7/0,3/0,3/1,5/0,3/1,4/0,4/0,4/1,Jan|Feb|Mar|Apr|May|Jun|Jul|Aug|Sep|Oct|Nov|Dec,
DDM-CCW,IP,57,4,5/0,6/0,6/0,7/1,5/1,3/0,3/1,4/0,6/0,3/0,4/0,5/1,Jan|Feb|Mar|Apr|May|Jun|Jul|Aug|Sep|Oct|Nov|Dec,
DDM-GA,IP,54,5,5/0,5/0,6/0,7/1,6/0,3/0,3/0,2/2,5/1,4/0,4/0,4/1,Jan|Feb|Mar|Apr|May|Jun|Jul|Sep|Oct|Nov|Dec,
DDM-FIM,IP,54,5,4/0,5/1,8/0,6/1,5/0,4/0,2/0,3/1,4/1,4/1,4/0,5/0,Jan|Feb|Mar|Apr|May|Jun|Jul|Aug|Sep|Oct|Nov|Dec,
ACDM-SMM,IP,54,5,6/1,6/1,5/1,7/1,8/0,4/0,3/1,3/0,3/0,3/0,3/0,3/0,Jan|Feb|Mar|Apr|May|Jun|Jul|Aug|Sep|Oct|Nov|Dec,
DDM-WLCO,IP,53,6,6/1,5/0,6/0,7/1,6/0,3/0,3/0,3/1,3/2,3/1,4/0,4/0,Jan|Feb|Mar|Apr|May|Jun|Jul|Aug|Oct|Nov|Dec,
IIOC-CHP,IP,53,8,5/2,8/0,9/0,4/1,8/2,1/0,4/0,2/1,3/0,3/1,3/1,3/0,Feb|Mar|Apr|May|Jul|Sep|Oct|Nov|Dec,
ACDM-SEO,IP,53,5,6/0,4/2,7/1,6/1,7/0,4/0,4/1,3/0,2/0,3/0,3/0,4/0,Jan|Mar|Apr|May|Jun|Jul|Aug|Sep|Oct|Nov|Dec,
SCTP-DDM,IP,52,2,6/0,6/0,5/1,6/0,6/0,3/0,3/0,2/1,4/0,3/0,5/0,3/0,Jan|Feb|Mar|Apr|May|Jun|Jul|Sep|Oct|Nov|Dec,
ACDM-DMA,IP,52,5,4/0,6/2,7/1,6/0,6/1,4/0,4/1,3/0,3/0,3/0,3/0,3/0,Jan|Feb|Mar|Apr|May|Jun|Jul|Aug|Sep|Oct|Nov|Dec,
ACDM-DA,IP,51,8,6/1,5/3,6/0,6/1,6/1,4/0,3/1,3/0,3/0,3/0,3/0,3/1,Jan|Mar|Apr|May|Jun|Jul|Aug|Sep|Oct|Nov|Dec,
SCTP-ACDM,IP,50,7,5/1,5/2,6/0,6/1,5/1,4/1,3/0,4/0,2/1,3/0,3/0,4/0,Jan|Mar|Apr|May|Jun|Jul|Aug|Oct|Nov|Dec,
IIOC-CHP,JTC,43,18,6/3,6/1,4/3,6/2,3/5,3/0,3/0,0/3,4/0,2/0,2/1,4/0,Feb|Apr|Jun|Jul|Sep|Oct|Dec,May|Aug
IIOC-CE,IP,43,15,8/1,2/2,7/3,6/1,6/1,2/1,2/0,2/1,2/1,2/2,2/2,2/0,Jan|Apr|May|Jul|Dec,
IIOC-NFT,IP,38,17,6/2,1/6,5/0,5/2,8/0,1/1,3/0,1/2,3/0,1/2,2/2,2/0,Jan|Mar|May|Jul|Sep|Dec,Feb|Aug|Oct
ASQMEI,IP,38,6,3/2,5/0,5/2,5/0,4/0,1/1,1/0,4/0,,4/0,2/1,4/0,Feb|Apr|May|Aug|Oct|Dec,
IIOC-OSS,IP,37,16,4/2,2/5,7/2,2/0,9/0,1/1,3/0,1/2,2/1,2/1,1/2,3/0,Mar|Apr|May|Jul|Dec,Feb|Aug|Nov
NS-DDM,IP,37,2,3/0,3/0,2/0,3/0,3/0,1/0,3/0,3/2,5/0,3/0,5/0,3/0,Jan|Feb|Mar|Apr|May|Jul|Sep|Oct|Nov|Dec,
IIOC-ITPS,IP,36,18,3/3,3/3,6/3,7/2,3/0,3/1,2/0,2/0,2/2,2/1,2/1,1/2,Apr|May|Jun|Jul|Aug,Dec
IIOC-CE,JTC,35,24,7/0,2/5,7/5,2/3,5/3,2/1,3/0,2/2,0/3,1/1,2/0,2/1,Jan|Jul|Nov,Feb|Sep
IIOC-ITPS,JTC,33,23,7/0,2/5,4/1,3/6,5/2,2/1,4/0,2/0,0/3,1/3,1/1,2/1,Jan|Mar|Jul|Aug,Feb|Apr|Sep|Oct
IIOC-IIT,IP,33,20,2/3,7/2,3/5,4/0,4/3,1/0,3/0,1/2,2/2,3/1,2/1,1/1,Feb|Apr|Jul|Oct,Mar|Aug
IIOC-SMHD,JTC,31,26,5/2,3/5,4/1,3/6,5/2,2/1,4/0,2/0,0/3,1/3,1/1,1/2,Mar|Jul|Aug,Feb|Apr|Sep|Oct|Dec
IIOC-NFT,JTC,31,23,3/5,4/1,6/4,4/2,3/2,3/1,2/0,1/3,1/2,1/1,1/2,2/0,Feb|Jun|Jul|Dec,Jan|Aug|Sep|Nov
IIOC-IIT,JTC,30,29,2/5,6/1,4/5,6/2,3/5,3/1,2/1,0/3,1/2,1/1,1/2,1/1,Feb|Apr|Jun,Jan|May|Aug|Sep|Nov
IIOC-OSS,JTC,30,25,1/5,7/1,3/4,4/2,4/4,3/0,3/0,0/3,1/2,1/2,1/2,2/0,Feb|Jun|Jul|Dec,Jan|Aug|Sep|Oct|Nov
IIOC-SMHD,IP,30,20,3/3,2/3,6/3,4/2,1/2,3/1,2/0,2/0,2/2,2/1,1/1,2/2,Jun|Jul|Aug,May
SCTP-CIIO,IP,29,13,2/1,5/1,3/2,3/0,3/3,1/0,3/0,1/2,2/2,3/1,2/0,1/1,Feb|Apr|Jul|Oct|Nov,Aug
ASQMEE,IP,28,5,4/0,4/2,2/2,4/1,3/0,2/0,1/0,2/0,,2/0,1/0,3/0,Jan|Apr|May|Jun|Aug|Oct|Dec,
ASQMEA,IP,28,14,3/2,5/1,3/2,4/4,1/5,2/0,,2/0,1/0,3/0,1/0,3/0,Feb|Jun|Aug|Oct|Dec,May
SCTP-CIIO,JTC,23,18,1/1,4/1,3/2,5/1,1/3,3/1,2/1,0/3,1/3,0/1,1/1,2/0,Feb|Apr|Jun|Dec,May|Aug|Sep
ASKGAI,IP,23,10,1/3,1/2,2/1,1/3,2/1,1/0,1/0,2/0,2/0,2/0,2/0,6/0,Aug|Sep|Oct|Nov|Dec,Jan|Feb|Apr
ASKIIOCAP,JTC,23,0,5/0,2/0,2/0,1/0,1/0,5/0,2/0,2/0,2/0,,,1/0,Jan|Feb|Mar|Jun|Jul|Aug|Sep,
ASQMEI,INHOUSE,23,2,3/0,2/1,1/0,1/0,1/0,1/0,2/0,1/0,3/0,1/0,3/1,4/0,Jan|Jul|Sep|Nov|Dec,
ACDM-DMA,HBL,21,11,3/1,3/2,1/1,3/2,3/1,0/1,0/3,3/0,1/0,1/0,1/0,2/0,Jan|May|Aug|Dec,Jul
ASQMEA,INHOUSE,21,1,3/0,2/0,0/1,1/0,1/0,1/0,2/0,1/0,2/0,1/0,3/0,4/0,Jan|Feb|Jul|Sep|Nov|Dec,
ACDM-SMM,HBL,20,11,2/2,3/1,3/1,1/3,3/0,0/2,1/2,2/0,1/0,1/0,1/0,2/0,Feb|Mar|May|Aug|Dec,Apr|Jun|Jul
ACDM-SEO,HBL,20,11,2/2,3/1,3/1,1/3,3/0,0/2,1/2,2/0,1/0,1/0,1/0,2/0,Feb|Mar|May|Aug|Dec,Apr|Jun|Jul
ACDM-DME,HBL,19,8,2/1,3/0,3/0,2/3,3/0,0/3,1/1,1/0,1/0,1/0,1/0,1/0,Feb|Mar|May,Jun
ASQMEI,JTC,19,4,1/1,1/1,2/1,1/0,2/0,,1/0,0/1,3/0,1/0,3/0,4/0,May|Sep|Nov|Dec,
ACDM-DA,HBL,18,12,2/2,3/1,2/2,1/3,3/0,0/2,1/2,2/0,1/0,1/0,1/0,1/0,Feb|May|Aug,Apr|Jun|Jul
SCTP-ACDM,HBL,17,13,2/2,3/1,3/1,1/3,2/0,0/4,2/1,1/0,0/1,1/0,1/0,1/0,Feb|Mar|May,Apr|Jun
ACDM-DME,INHOUSE,16,1,2/0,2/0,3/0,5/1,4/0,,,,,,,,Jan|Feb|Mar|Apr|May,
SCTP-ACDM,INHOUSE,15,2,2/1,2/0,2/0,5/1,4/0,,,,,,,,Feb|Mar|Apr|May,
ACDM-DA,INHOUSE,15,1,1/0,3/0,2/0,4/0,5/1,,,,,,,,Feb|Mar|Apr|May,
ACDM-SMM,INHOUSE,15,1,1/0,3/0,2/0,4/0,4/1,1/0,,,,,,,Feb|Mar|Apr|May,
ACDM-SEO,INHOUSE,15,1,1/0,2/0,3/0,4/0,4/1,1/0,,,,,,,Feb|Mar|Apr|May,
ACDM-DMA,INHOUSE,15,2,1/0,2/0,3/0,1/0,6/2,2/0,,,,,,,Feb|Mar|May|Jun,
ASQMEE,INHOUSE,15,4,0/3,1/1,1/0,1/0,2/0,1/0,2/0,1/0,2/0,1/0,2/0,1/0,May|Jul|Sep|Nov,Jan
ACDM-DME,JTC,14,8,2/1,0/1,1/0,1/2,6/0,1/0,1/1,,0/1,0/2,2/0,,May|Nov,Apr|Oct
ASKGAI,JTC,14,13,1/1,0/3,2/2,1/2,0/2,1/0,1/0,2/1,2/0,0/2,2/0,2/0,Sep|Nov|Dec,Feb|Apr|May|Oct
ASKIIOCAP,IP,13,0,,1/0,1/0,1/0,1/0,,1/0,2/0,1/0,1/0,2/0,2/0,Aug|Nov|Dec,
ASQMEE,JTC,12,4,1/1,1/0,1/1,1/1,1/1,,1/0,,2/0,1/0,2/0,1/0,Sep|Nov,
ASKCAW,IP,12,3,2/1,1/0,2/0,2/0,1/1,1/0,1/0,1/0,,1/0,,0/1,Mar|Apr,
ACDM-SEO,JTC,12,5,2/0,1/1,1/0,1/0,2/0,2/0,0/1,1/0,0/1,0/2,1/0,1/0,Jan|May|Jun,Oct
ASKMEN,INHOUSE,12,0,,,3/0,3/0,2/0,,1/0,1/0,,,,2/0,Mar|Apr|May|Dec,
ASKINH-1DAY,IP,12,4,3/0,,2/0,,3/0,,,,,3/1,1/3,,Jan|Mar|May|Oct,Nov
ASKVEG,IP,12,0,1/0,2/0,1/0,1/0,1/0,,,,1/0,1/0,1/0,3/0,Feb|Dec,
ACDM-SMM,JTC,11,6,2/0,0/2,1/0,1/1,2/0,1/0,1/0,1/0,0/1,0/2,1/0,1/0,Jan|May,Feb|Oct
ASKINH-1/2DAY,IP,11,0,2/0,2/0,2/0,3/0,2/0,,,,,,,,Jan|Feb|Mar|Apr|May,
ASKSPF-INH1,OTHER,11,0,3/0,4/0,4/0,,,,,,,,,,Jan|Feb|Mar,
SDDM-ADMS,IP,10,15,1/2,2/2,1/2,2/2,1/3,1/0,0/2,1/0,0/1,1/0,0/1,,,Jan|Mar|May|Jul
ACIIO-HST,IP,10,10,0/3,0/3,2/0,1/2,2/1,1/0,1/0,,1/0,,1/1,1/0,Mar,Jan|Feb|Apr
SCTP-ACDM,JTC,10,5,2/1,0/1,1/0,1/1,2/0,1/0,1/1,,,0/1,2/0,,May|Nov,
ACIIO-ANA,IP,10,10,0/3,0/1,2/2,0/2,3/0,0/1,2/0,,1/0,,1/1,1/0,May|Jul,Jan|Apr
ACDM-DA,JTC,10,7,2/1,0/1,1/0,1/1,2/0,1/0,1/1,,0/1,0/2,2/0,,May|Nov,Oct
ACIIO-RP,JTC,10,13,1/0,1/3,1/1,0/3,3/2,1/1,,2/0,0/1,0/1,,1/1,Aug,Feb|Apr
ACIIO-CC,IP,10,10,,2/3,0/1,3/0,0/4,1/0,0/1,1/0,1/0,1/0,,1/1,Apr,May
ACIIO-RP,IP,10,6,,1/1,2/3,2/1,,,1/1,1/0,,1/0,1/0,1/0,,
ASKVEG,JTC,10,1,1/0,,1/0,1/0,1/0,,,0/1,1/0,1/0,,4/0,Dec,
SDDM-ASEO,IP,9,16,1/0,1/2,2/2,1/3,2/1,0/3,0/1,0/2,1/0,0/1,0/1,1/0,,Feb|Apr|Jun|Aug
ACIIO-CC,JTC,9,12,1/3,0/1,1/3,2/0,1/3,,2/0,0/1,1/0,1/0,0/1,,Apr|Jul,Jan|Mar|May
SDDM-ADMA,IP,9,16,1/0,1/2,2/2,1/2,2/2,0/3,0/1,0/2,1/0,0/1,0/1,1/0,,Feb|Apr|Jun|Aug
ASKMEI,INHOUSE,9,0,1/0,2/0,1/0,,1/0,1/0,,,1/0,,1/0,1/0,Feb,
ACIIO-CEH,JTC,9,12,1/2,0/1,2/0,1/2,2/3,0/1,1/0,1/1,0/1,,1/0,0/1,Mar,Jan|Apr
DDM-DMSP,IP,9,17,1/0,,2/3,2/1,1/4,1/1,0/2,0/2,1/1,0/1,1/1,0/1,,May|Jul|Aug
ASKPQ8,HOTEL,9,6,2/0,1/0,0/2,0/1,2/0,0/1,1/0,1/0,1/0,0/1,1/0,0/1,Jan|May,Mar
ASKGAI,INHOUSE,9,6,1/1,0/2,,,1/1,,1/0,1/1,1/0,1/1,1/0,2/0,Dec,Feb
ACDM-DMA,JTC,9,7,0/1,1/1,0/1,2/0,1/0,2/0,0/1,1/0,,0/2,0/1,2/0,Apr|Jun|Dec,Oct
ACIIO-CEH,IP,9,10,0/1,2/3,0/2,2/0,0/3,1/0,0/1,1/0,1/0,1/0,,1/0,Apr,Mar|May
ACIIO-ETT,IP,9,6,0/1,,2/4,2/0,,1/0,0/1,1/0,,2/0,,1/0,Apr|Oct,Mar
ASKGAI,HBL,9,4,0/1,,0/1,,,0/1,1/0,1/0,1/0,,2/1,4/0,Dec,
SCTP-SDDM,IP,8,17,1/2,2/2,1/2,2/2,1/3,0/1,0/2,1/0,0/1,0/1,0/1,,,Jan|Mar|May|Jul
SCTP-ACIIO,IP,8,7,0/2,0/2,1/0,1/1,1/1,1/0,1/0,,1/0,,1/1,1/0,,Jan|Feb
SDDM-ADA,IP,8,17,1/2,1/1,2/2,2/3,1/3,,0/3,1/0,0/1,0/1,0/1,,,Jan|May|Jul
ASKERT,HOTEL,8,2,1/1,1/1,1/0,,2/0,,1/0,,1/0,,1/0,,May,
SDDM-EM,IP,8,17,1/0,1/2,1/1,2/2,1/3,1/2,0/1,0/2,1/1,0/1,0/1,0/1,,Feb|May|Jun|Aug
ASQMEA,JTC,8,4,1/1,0/1,2/1,1/0,1/1,,1/0,,1/0,,1/0,,,
SDDM-ASMM,IP,8,17,1/2,1/1,2/2,1/3,2/2,0/1,0/2,1/1,0/1,0/1,0/1,,,Jan|Apr|Jul
SDDM-ADCM,IP,8,17,0/2,1/1,3/1,1/4,2/2,0/1,0/2,0/1,1/1,0/1,0/1,,Mar,Jan|Apr|Jul
ACIIO-ETT,JTC,8,12,,1/3,1/0,1/3,1/2,1/1,,2/0,0/2,,1/0,0/1,Aug,Feb|Apr|May|Sep
ASK3KL,HOTEL,8,0,,2/0,,2/0,,1/0,,1/0,,1/0,,1/0,Feb|Apr,
ASKTTM,IP,8,4,0/1,0/1,1/0,2/0,1/1,1/0,,1/0,0/1,,1/0,1/0,Apr,
ASKINH-1/2DAY,JTC,8,0,,,,4/0,4/0,,,,,,,,Apr|May,
SCTP-ACIIO,JTC,7,8,1/1,2/1,0/1,2/1,,1/1,,1/1,,0/1,,0/1,,
ACIIO-HST,JTC,7,10,1/1,2/2,0/1,2/2,,1/1,,1/1,,0/1,,0/1,,
ASKMEB,INHOUSE,7,2,1/0,0/2,1/0,,1/0,1/0,,,1/0,,1/0,1/0,,Feb
ACIIO-SSA,JTC,7,12,0/3,1/1,1/2,1/3,1/0,1/0,1/1,0/1,,1/0,0/1,,,Jan|Mar|Apr
ACIIO-ANA,JTC,7,11,0/1,1/0,2/3,1/2,1/0,0/1,1/0,0/1,1/0,0/1,,0/2,,Apr|Dec
ACIIO-SSA,IP,7,12,0/4,0/2,2/0,0/2,1/2,0/1,1/0,1/0,1/0,,1/0,0/1,Mar,Jan|Feb|Apr|May
ASQDVS,IP,7,0,1/0,1/0,1/0,1/0,,1/0,,,1/0,,,1/0,,
ASKCDM,IP,7,3,,1/0,1/2,0/1,1/0,,,1/0,1/0,,1/0,1/0,,Mar
ASKMEI,IP,6,2,0/1,,0/1,2/0,,,1/0,,,1/0,2/0,,Apr|Nov,
ASKMWB,INHOUSE,6,5,0/1,0/2,1/0,0/1,1/0,1/1,1/0,,1/0,,1/0,,,Feb
ASQDVT,IP,6,1,2/0,,1/0,1/0,0/1,,1/0,,,1/0,,,Jan,
ASQDVS,JTC,6,0,1/0,,1/0,1/0,1/0,,1/0,,,1/0,,,,
ASKCHAT,HOTEL,6,3,2/0,,0/2,,1/1,,1/0,,1/0,,1/0,,Jan,Mar
ASKMPB,INHOUSE,6,4,2/0,0/1,1/0,0/1,0/1,1/0,,0/1,,1/0,,1/0,Jan,
ASKCDM,JTC,6,4,0/1,1/1,0/1,0/1,2/0,,,1/0,,1/0,1/0,,May,
ASKTTM,JTC,6,5,1/0,,1/1,0/1,0/1,1/0,1/0,0/1,0/1,1/0,,1/0,,
ASKVEG,INHOUSE,6,4,0/2,,,,,,,0/2,1/0,1/0,3/0,1/0,Nov,Jan|Aug
IIOC-SMHD,INHOUSE,5,2,2/0,1/0,2/1,,,0/1,,,,,,,Jan,
DDM-GA,HBL,5,7,0/1,2/1,1/1,1/0,0/1,1/1,0/1,0/1,,,,,,
SCTP-DDM,HBL,5,5,1/1,1/0,1/1,1/0,1/1,0/1,0/1,,,,,,,
DDM-WWC,HBL,5,6,1/1,1/0,1/1,1/1,1/1,0/1,0/1,,,,,,,
ASKMEA,IP,5,2,1/0,,1/0,1/1,0/1,,1/0,,,1/0,,,,
ASKMAB,INHOUSE,5,2,2/0,,1/0,,0/1,,1/0,,1/0,,0/1,,Jan,
ASQMEA,OTHER,5,0,1/0,1/0,1/0,,,1/0,1/0,,,,,,,
DDM-FIM,HBL,5,6,0/1,1/1,2/0,0/1,1/0,1/1,0/1,0/1,,,,,Mar,
DDM-DCC,HBL,5,6,1/1,1/0,1/1,1/0,0/2,1/1,0/1,,,,,,,May
DDM-WLCO,HBL,5,6,0/1,1/1,2/0,0/1,1/0,1/1,0/1,0/1,,,,,Mar,
DDM-CCW,HBL,5,5,0/1,2/0,1/1,1/0,0/1,1/0,0/1,0/1,,,,,Feb,
ASQDVS,INHOUSE,5,0,1/0,1/0,,,1/0,,,1/0,,,1/0,,,
ASKMOB,JTC,5,1,,1/0,,0/1,,1/0,,1/0,,1/0,,1/0,,
ASKHWB,HOTEL,5,2,0/1,1/0,,0/1,1/0,,1/0,,1/0,,1/0,,,
ASQDVT,JTC,5,0,,2/0,,1/0,,,,1/0,,,1/0,,Feb,
ASQDVT,INHOUSE,5,0,1/0,,1/0,,1/0,1/0,,,1/0,,,,,
ASKMPB,JTC,4,4,0/1,1/0,1/0,0/1,0/1,,1/0,,1/0,,0/1,,,
DIIO-ADI,JTC,4,4,2/1,0/2,,,,1/0,1/0,,,,,0/1,,Feb
ASKSTL,HOTEL,4,5,0/1,0/1,0/1,1/0,1/0,0/1,,,1/1,,,1/0,,
ASKGV7,INHOUSE,4,3,2/0,,0/1,,1/0,,0/1,,1/0,,0/1,,Jan,
ASKBB8,HOTEL,4,5,0/2,,0/2,,1/1,,1/0,,1/0,,1/0,,,Jan|Mar
ASKMGC,HOTEL,4,2,0/2,,,2/0,,,1/0,,,1/0,,,Apr,Jan
IIOC-ITPS,INHOUSE,4,2,1/0,1/0,2/1,,0/1,,,,,,,,,
ASKTTM,INHOUSE,4,5,0/1,0/2,1/0,1/0,,,1/0,0/1,,0/1,1/0,,,Feb
ASKDR8,HOTEL,4,10,0/1,1/1,0/1,0/2,0/1,0/1,0/1,1/0,0/1,1/0,0/1,1/0,,Apr
ASKMEI,JTC,4,1,0/1,1/0,,,1/0,,,1/0,,,1/0,,,
ASKDCC,HOTEL,4,1,,1/1,,,1/0,,,1/0,,,1/0,,,
ASKMWB,JTC,4,3,,0/1,1/0,0/1,1/0,,,0/1,,1/0,,1/0,,
ASKRWP,HOTEL,4,2,0/1,1/0,,,1/1,,,1/0,,,1/0,,,
ASKDFF,OTHER,4,2,,1/1,,0/1,1/0,,,1/0,,,1/0,,,
ASKBKS,HOTEL,4,2,,,0/2,,1/0,1/0,,,1/0,,,1/0,,Mar
ASKHHL,HOTEL,4,3,,0/1,0/1,,0/1,1/0,,1/0,,1/0,,1/0,,
ASKWLB,HOTEL,4,1,,,1/1,,,1/0,,,1/0,,,1/0,,
ASKBWE,IP,4,3,,1/0,0/1,,,,,0/1,0/1,1/0,1/0,1/0,,
ASKAKG,IP,4,2,0/1,,1/0,1/0,0/1,,,,1/0,,1/0,,,
ASKROOM,JTC,4,0,,,,2/0,2/0,,,,,,,,Apr|May,
ASKMEB,IP,3,3,0/1,,1/0,0/1,,,1/0,,,1/0,0/1,,,
ASKPB8,INHOUSE,3,4,0/2,,1/0,,0/1,,1/0,,1/0,,0/1,,,Jan
IIOC-IIT,INHOUSE,3,3,1/0,2/1,0/1,0/1,,,,,,,,,,
SCTP-CIIO,INHOUSE,3,2,1/0,2/1,,0/1,,,,,,,,,,
IIOC-CHP,INHOUSE,3,3,1/0,2/1,0/1,0/1,,,,,,,,,,
ASKGAR,HOTEL,3,3,0/1,0/1,1/0,0/1,,,1/0,,,,1/0,,,
IIOC-CE,INHOUSE,3,4,1/0,1/0,1/3,,0/1,,,,,,,,,Mar
ASK3KS,HOTEL,3,5,0/2,,0/2,,1/1,,,,1/0,,1/0,,,Jan|Mar
IIOC-OSS,INHOUSE,3,3,1/0,2/0,0/2,0/1,,,,,,,,,Feb,Mar
ASKPB8,JTC,3,5,1/0,1/0,0/1,0/1,,0/1,,0/1,,0/1,,1/0,,
ASKMOB,INHOUSE,3,5,0/1,1/0,0/1,,0/1,,1/1,,0/1,,1/0,,,
ASKCRC,HOTEL,3,1,1/0,1/0,,,,1/0,,,,,0/1,,,
ASKMEA,INHOUSE,3,4,1/0,1/1,0/1,,,1/0,,,0/1,,,0/1,,
ASKEP8,INHOUSE,3,4,0/2,,1/0,,1/0,,0/1,,1/0,,0/1,,,Jan
IIOC-NFT,INHOUSE,3,3,1/0,2/0,0/2,0/1,,,,,,,,,Feb,Mar
ASKEYM,HOTEL,3,3,0/2,,,1/1,,,1/0,,,1/0,,,,Jan
ASKKYM,HOTEL,3,3,0/1,1/0,,0/2,,,1/0,,,1/0,,,,Apr
ASK7VB,INHOUSE,3,5,1/0,0/1,,0/1,,0/1,,0/1,,0/1,1/0,1/0,,
ASKMEB,JTC,3,2,0/1,1/0,,,0/1,,,1/0,,,1/0,,,
ASKSAW,HOTEL,3,3,,0/2,,,1/1,,,1/0,,,1/0,,,Feb
ASKCP8,INHOUSE,3,4,,0/2,,0/1,,1/0,,1/0,,0/1,,1/0,,Feb
ASKVP7,INHOUSE,3,2,,1/0,,,0/1,,0/1,,1/0,,1/0,,,
ASKWRM,IP,3,0,,1/0,,,,1/0,,,,1/0,,,,
ASKBDD,HOTEL,3,2,,,1/1,,,1/0,,,0/1,,,1/0,,
ASKBPR,HOTEL,3,2,,,1/1,,,0/1,,,1/0,,,1/0,,
ASKEWW,IP,3,0,,,1/0,,,,1/0,,,,1/0,,,
ASKOYO,HOTEL,3,1,,,1/1,,,,,1/0,,,,1/0,,
ASKKMK,HOTEL,3,2,0/1,,0/1,,1/0,,,1/0,,,1/0,,,
ASKINH-1/2DAY,INHOUSE,3,0,,,,1/0,2/0,,,,,,,,May,
ASQMEI,OTHER,3,2,,,,1/1,0/1,1/0,,,,,,1/0,,
DIIO-IAO,JTC,3,3,2/0,0/2,,,1/0,,,,,,0/1,,Jan,Feb
DIIO-IPM,JTC,3,2,1/1,,,,1/0,,,,,,0/1,1/0,,
NS-SDDM,IP,3,0,,1/0,,,1/0,,,1/0,,,,,,
ASKINH-1DAY,OTHER,3,0,,,,,1/0,,,,,1/0,,1/0,,
ASKSTA,HOTEL,3,0,1/0,,1/0,,,,,,,,1/0,,,
ASEAZA,HBL,3,1,,1/0,,1/0,1/1,,,,,,,,,
ASEAZN,HBL,3,1,,1/0,1/0,1/1,,,,,,,,,,
ASKRPW,INHOUSE,2,1,1/0,,,,0/1,,,,1/0,,,,,
DDM-DMSP,HBL,2,0,1/0,,,1/0,,,,,,,,,,
DDM-DMC,HBL,2,1,1/0,,1/0,,,,,,0/1,,,,,
ASKMEN,JTC,2,0,2/0,,,,,,,,,,,,Jan,
ASKCL7,JTC,2,10,0/1,0/2,,0/1,0/1,0/1,0/1,1/0,0/1,0/1,0/1,1/0,,Feb
ASKMWA,INHOUSE,2,3,0/1,0/1,1/0,,1/0,,,,0/1,,,,,
ASKCMC,HOTEL,2,3,0/1,,0/1,,0/1,,,,1/0,,,1/0,,
ASKEWW,INHOUSE,2,1,0/1,,,,1/0,,,,1/0,,,,,
ASKFF8,INHOUSE,2,5,0/2,,1/0,,0/1,,1/0,,0/1,,0/1,,,Jan
ASKMPA,JTC,2,3,0/1,1/0,,0/1,1/0,,,,0/1,,,,,
ASKCDM,INHOUSE,2,9,0/2,,,1/0,,0/1,0/2,1/0,0/1,0/3,,,,Jan|Jul|Oct
ASKTH8,JTC,2,6,0/2,,0/1,0/1,0/1,,1/0,,1/0,,0/1,,,Jan
ASKCWC,HOTEL,2,3,0/2,,,1/0,0/1,,,,1/0,,,,,Jan
ASKEEP,HOTEL,2,3,0/2,,,,1/1,,,,1/0,,,,,Jan
ASKHAW,HOTEL,2,2,1/1,,,0/1,,,,1/0,,,,,,
ASKMOA,INHOUSE,2,3,0/1,0/1,,,0/1,,1/0,,1/0,,,,,
ASKUSC,HOTEL,2,3,0/2,,,,1/0,0/1,,,,1/0,,,,Jan
ASKMAB,JTC,2,2,,0/1,0/1,,,1/0,,,,1/0,,,,
ASKBHW,HOTEL,2,4,,0/2,,0/1,1/0,,,1/0,,,0/1,,,Feb
ASKMPA,INHOUSE,2,2,1/0,0/1,,,,0/1,,,,1/0,,,,
ASKEP8,JTC,2,6,,0/1,0/1,0/1,0/1,1/0,,0/1,,1/0,,0/1,,
ASKPTM,HOTEL,2,4,,0/1,0/1,,1/1,,,1/0,,,0/1,,,
ASKSPC,HOTEL,2,2,0/1,0/1,,,,1/0,,,,1/0,,,,
ASKMEA,JTC,2,4,0/1,0/1,,,0/2,,,1/0,,,1/0,,,May
ASKDDP,HOTEL,2,3,,0/2,,,0/1,,,1/0,,,1/0,,,Feb
ASKTH8,INHOUSE,2,5,,1/1,,0/1,,0/1,,0/1,,1/0,,0/1,,
ASKMOA,JTC,2,1,,0/1,,,,1/0,,,,1/0,,,,
ASKCTH,HOTEL,2,3,,1/1,,,0/1,,,1/0,,,0/1,,,
ASKIST,HOTEL,2,3,,0/2,,,,0/1,,,1/0,,,1/0,,Feb
ASKWMW,HOTEL,2,2,,1/0,0/1,,,,,1/0,,,,0/1,,
ASKGV7,JTC,2,5,,0/1,,0/1,1/0,0/1,,1/0,,0/1,,0/1,,
ASKFF8,JTC,2,6,,0/1,0/1,0/1,0/1,0/1,,0/1,,1/0,,1/0,,
ASKEWS,INHOUSE,2,1,,,1/0,,,,1/0,,,,0/1,,,
ASKPTA,HOTEL,2,2,,,0/2,,,,,1/0,,,,1/0,,Mar
ASKCWF,HOTEL,2,3,,,0/2,,,,0/1,,1/0,,,1/0,,Mar
ASK5BC,HOTEL,2,2,,,0/2,,,,,1/0,,,,1/0,,Mar
DIIO-IIO,JTC,2,2,,,1/0,,,,,0/1,,1/0,,0/1,,
SCTP-DIIO,JTC,2,2,,,1/0,,,,,0/1,,1/0,,0/1,,
DIIO-EAD,JTC,2,2,,,,1/0,,,,,0/1,1/0,,0/1,,
DIIO-IPO,JTC,2,2,,,,1/0,,,,,0/1,,1/0,0/1,,
ASKINH-1/2DAY,HBL,2,0,,,,1/0,1/0,,,,,,,,,
DIIO-DRB,JTC,2,3,0/2,,,1/0,,,,,,0/1,1/0,,,Jan
DIIO-ISC,JTC,2,3,0/2,,,,1/0,,,,,,0/1,1/0,,Jan
ASQMEM,JTC,2,5,,1/0,0/1,0/1,0/1,0/1,,,0/1,,,1/0,,
ASQMEM,IP,2,5,,0/1,0/1,1/0,0/2,,0/1,,,1/0,,,,May
ASKINH-1DAY,INHOUSE,2,0,,,,,,,2/0,,,,,,Jul,
ASKCDM,OTHER,2,0,,,,,,,2/0,,,,,,Jul,
ASKMWB,OTHER,2,0,,1/0,,,,,,1/0,,,,,,
ASKMWA,OTHER,2,0,,1/0,,,,,,1/0,,,,,,
ASKPSM,HOTEL,2,0,,,,,1/0,,,,1/0,,,,,
ASKAKG,JTC,2,1,,0/1,,,,,,,,1/0,,1/0,,
ASKLRE,HOTEL,2,2,,1/0,,0/1,,,,,,0/1,,1/0,,
ASKROOM,IP,2,0,,,,,1/0,,,,,,1/0,,,
ASKCSP,IP,2,0,2/0,,,,,,,,,,,,Jan,
ASKEP8,IP,2,0,,1/0,,1/0,,,,,,,,,,
ASKTH8,OTHER,2,0,,2/0,,,,,,,,,,,Feb,
ASKMPA,IP,2,0,,,1/0,,1/0,,,,,,,,,
ASNMEA,IP,2,2,,,,,2/2,,,,,,,,,
ASKEPC,HOTEL,1,4,0/2,,,0/1,0/1,,,,1/0,,,,,Jan
ASKSPN,HOTEL,1,3,0/1,0/1,,,,,1/0,,,,,0/1,,
ASKMIE1,HOTEL,1,5,0/1,0/1,,0/1,,,0/1,,1/0,,0/1,,,
ASKCP8,JTC,1,7,0/2,,0/1,0/1,1/0,,0/1,,0/1,,0/1,,,Jan
ASKVP7,JTC,1,6,1/1,,,0/1,,0/1,,0/1,,0/1,,0/1,,
DDM-WWC,INHOUSE,1,1,0/1,,,1/0,,,,,,,,,,
SCTP-DDM,INHOUSE,1,1,0/1,,,1/0,,,,,,,,,,
ASKEWS,IP,1,2,0/1,,,,0/1,,,,1/0,,,,,
ASK7VB,JTC,1,5,0/1,,0/2,,0/1,,0/1,,1/0,,,,,Mar
DDM-DCC,INHOUSE,1,1,0/1,,,1/0,,,,,,,,,,
DDM-CCW,INHOUSE,1,1,0/1,,,1/0,,,,,,,,,,
DDM-GA,INHOUSE,1,1,0/1,,,1/0,,,,,,,,,,
ASKKNR,HOTEL,1,3,,0/1,0/1,,,,,0/1,,,,1/0,,
ASKRPW,IP,1,2,,1/0,,,,,0/1,,,,0/1,,,
SDDM-ADMS,HBL,1,0,,1/0,,,,,,,,,,,,
SCTP-SDDM,HBL,1,0,,1/0,,,,,,,,,,,,
DDM-FIM,INHOUSE,1,1,,0/1,,1/0,,,,,,,,,,
ASKBDF,JTC,1,0,,1/0,,,,,,,,,,,,
ASKGEC,IP,1,2,,1/0,,,,0/1,,,,0/1,,,,
DDM-WLCO,INHOUSE,1,1,,0/1,,1/0,,,,,,,,,,
ASKNLP,HOTEL,1,3,,0/1,0/1,,,,0/1,,,,,1/0,,
SDDM-ADA,HBL,1,0,,1/0,,,,,,,,,,,,
ASK7UP,HOTEL,1,4,,0/2,,,0/1,1/0,,,,0/1,,,,Feb
ASKMWA,JTC,1,4,,1/0,0/1,,0/1,0/1,,,,0/1,,,,
ASKCHP,HOTEL,1,4,0/1,0/1,,,0/2,,,,,1/0,,,,May
SDDM-ASMM,HBL,1,0,,1/0,,,,,,,,,,,,
ASKBDF,HOTEL,1,3,,0/2,,,,0/1,,,,1/0,,,,Feb
ASKHSR,HOTEL,1,4,,0/2,,,0/1,1/0,,,,,0/1,,,Feb
ASKSPC,OTHER,1,0,,1/0,,,,,,,,,,,,
SDDM-ADCM,HBL,1,0,,,1/0,,,,,,,,,,,
ASKPCL,HOTEL,1,3,0/1,,0/1,,,,1/0,,,0/1,,,,
ASK5LL,HOTEL,1,3,,,1/1,,,,0/1,,,,0/1,,,
SDDM-ASEO,HBL,1,0,,,1/0,,,,,,,,,,,
SDDM-ADMA,HBL,1,0,,,1/0,,,,,,,,,,,
ASKDPA,OTHER,1,4,,,0/2,,,1/0,,,0/1,,,0/1,,Mar
ASKSDT,HOTEL,1,3,,,0/2,,,,0/1,,,1/0,,,,Mar
SDDM-EM,HBL,1,0,,,1/0,,,,,,,,,,,
ASKYTM,IP,1,0,,,,1/0,,,,,,,,,,
NS-DDM,INHOUSE,1,0,,,,,1/0,,,,,,,,,
ASKINH-2DAY,INHOUSE,1,0,,,,,,1/0,,,,,,,,
ASK3KS,OTHER,1,0,,,,,,,1/0,,,,,,,
ASQDVS,OTHER,1,0,,,,,,,1/0,,,,,,,
ASKCMC,OTHER,1,0,,,,,,,1/0,,,,,,,
ASKBRT,JTC,1,3,,,0/1,0/1,,,,0/1,,,1/0,,,
ASQMEM,INHOUSE,1,3,1/1,,,,,,,0/1,,,0/1,,,
ASKBRT,INHOUSE,1,6,0/1,0/1,,,,,,0/1,,0/2,,1/1,,Oct
ASKBWE,JTC,1,3,0/1,,,1/0,0/1,,,0/1,,,,,,
ASKINH-1DAY,HBL,1,0,,,,,,,,1/0,,,,,,
ASKBRT,IP,1,5,0/1,0/1,,,1/0,,,,0/2,,0/1,,,Sep
ASKCAW,JTC,1,2,,0/1,,,,,,,1/0,,0/1,,,
ASK3KU,HOTEL,1,0,,,,,,,,,,1/0,,,,
ASKBDF,OTHER,1,0,,,,,,,,,,1/0,,,,
ASKCFH,HOTEL,1,4,,0/1,,1/0,,,,,,0/1,0/1,0/1,,
ASKINH-1DAY,JTC,1,0,,,,,,,,,,1/0,,,,
ASKWRM,OTHER,1,0,,,,,,,,,,,1/0,,,
ASKCSP,JTC,1,0,,,,,,,,,,,1/0,,,
ASKGAI,OTHER,1,0,,,,,,,,,,,1/0,,,
ASKMEN,HBL,1,0,,,,,,,,,,,,1/0,,
ASKMWA,IP,1,1,1/0,,,0/1,,,,,,,,,,
ASKINH-1DAY,HOTEL,1,0,1/0,,,,,,,,,,,,,
ASKINH-1/2DAY,OTHER,1,0,1/0,,,,,,,,,,,,,
ASKMEI,OTHER,1,0,,,1/0,,,,,,,,,,,
ASKTH8,IP,1,1,,,0/1,,1/0,,,,,,,,,
ASKINH-2DAY,IP,1,0,,,1/0,,,,,,,,,,,
ASKMPB,OTHER,1,0,,,1/0,,,,,,,,,,,
ASKMEA,OTHER,1,0,,,1/0,,,,,,,,,,,
ASKMPB,IP,1,1,,,0/1,,1/0,,,,,,,,,
ASKCP8,IP,1,1,,,0/1,,1/0,,,,,,,,,
ASKMOB,IP,1,0,,,,1/0,,,,,,,,,,
ASKINH-1/2DAY,HOTEL,1,0,,,,1/0,,,,,,,,,,
ASKMOA,IP,1,0,,,,1/0,,,,,,,,,,
ASKCP8,OTHER,1,0,,,,1/0,,,,,,,,,,
ASKINH-2DAY,HBL,1,0,,,,,1/0,,,,,,,,,
ASNMEA,JTC,1,0,,,,,1/0,,,,,,,,,
ASKBCG,HOTEL,1,0,,,,,1/0,,,,,,,,,
ASKEBS,HOTEL,0,5,0/2,,,,0/2,,,,,0/1,,,,Jan|May
ASKWUT,HOTEL,0,5,0/2,,,,0/2,,,,,0/1,,,,Jan|May
ASKMAA,INHOUSE,0,5,0/1,0/1,,,0/1,,,,0/1,,,0/1,,
ASKDCF,HOTEL,0,3,,0/1,,,,,0/1,,,,0/1,,,
SCTP-DIIO,IP,0,5,,0/2,0/1,,0/1,0/1,,,,,,,,Feb
DIIO-IIO,IP,0,8,,0/3,0/2,,0/2,0/1,,,,,,,,Feb|Mar|May
ASKEED,HOTEL,0,4,,0/1,0/1,,,0/1,,,,0/1,,,,
DDM-DMC,INHOUSE,0,1,,0/1,,,,,,,,,,,,
ASKMAA,JTC,0,4,,0/1,0/1,,,0/1,,,,0/1,,,,
DIIO-EAD,IP,0,8,,0/1,0/4,,0/2,0/1,,,,,,,,Mar|May
ASKBSE,HOTEL,0,4,,0/1,0/1,,,,0/1,,,,0/1,,,
ASKEDP,HOTEL,0,8,,0/2,,0/2,,0/1,,0/1,,0/1,,0/1,,Feb|Apr
ASKACM,HOTEL,0,3,,,0/1,,,,,0/1,,,,0/1,,
DIIO-IPO,IP,0,6,,,0/5,,,0/1,,,,,,,,Mar
DIIO-DRB,IP,0,6,,,0/1,0/4,,,0/1,,,,,,,Apr
ASKAPP,HOTEL,0,4,,,0/1,0/1,,,0/1,,,,0/1,,,
DIIO-ISC,IP,0,7,,,0/1,0/4,0/1,,0/1,,,,,,,Apr
DIIO-IPM,IP,0,6,,,0/1,0/2,0/2,,0/1,,,,,,,Apr|May
ASKMAS,HOTEL,0,4,,0/1,0/1,,,,0/1,,,,0/1,,,
DIIO-IAO,IP,0,6,,,,0/3,0/2,,0/1,,,,,,,Apr|May
ASKGEC,INHOUSE,0,3,,,,0/1,,,,0/1,,,,0/1,,
ASKWRM,INHOUSE,0,4,,,,0/2,,,,0/1,,,,0/1,,Apr
DIIO-ADI,IP,0,4,,,,0/1,0/2,,,0/1,,,,,,May
ASK3KT,HOTEL,0,1,,,,,,0/1,,,,,,,,
ASKYMW,HOTEL,0,2,,,,,,,0/1,,,0/1,,,,
ASKBWE,INHOUSE,0,6,0/1,0/1,,,,,,,0/1,0/1,0/1,0/1,,
ASKPB8,IP,0,2,,,,,0/1,,,,,,,0/1,,
ASKEWW,HOTEL,0,2,0/1,,,,0/1,,,,,,,,,
ASKMWB,IP,0,2,0/1,,,0/1,,,,,,,,,,
ASKCTL,HOTEL,0,2,0/1,,0/1,,,,,,,,,,,
ASKWRM,HOTEL,0,1,0/1,,,,,,,,,,,,,
ASKFF8,IP,0,2,,0/1,,0/1,,,,,,,,,,
ASKEWS,HOTEL,0,1,,0/1,,,,,,,,,,,,
ASKGEC,HOTEL,0,1,,0/1,,,,,,,,,,,,
ASECTN,HBL,0,2,,,0/1,,0/1,,,,,,,,,
ASKGV7,IP,0,1,,,0/1,,,,,,,,,,,
ASKDFA,JTC,0,2,,,0/1,,0/1,,,,,,,,,
ASKRPW,HOTEL,0,1,,,,0/1,,,,,,,,,,
ASKDFA,IP,0,1,,,,0/1,,,,,,,,,,
ASK7VB,IP,0,1,,,,,0/1,,,,,,,,,
ASKRTW,IP,0,1,,,,,0/1,,,,,,,,,
ASKDBI,IP,0,2,,,,,0/2,,,,,,,,,May
ASKMAB,IP,0,1,,,,,0/1,,,,,,,,,
ASKPQ8,IP,0,1,,,,,0/1,,,,,,,,,
ASKIPF,IP,0,1,,,,,0/1,,,,,,,,,
ASKIPF,JTC,0,1,,,,,0/1,,,,,,,,,
ASKMAA,IP,0,1,,,,,0/1,,,,,,,,,
ASKIHR,IP,0,1,,,,,0/1,,,,,,,,,
ASKIHR,JTC,0,1,,,,,0/1,,,,,,,,,
